year,team
1920,AKR
1920,BUF
1920,CAN
1920,CHI
1920,CHT
1920,CLE
1920,COL
1920,CRD
1920,DAY
1920,DET
1920,HAM
1920,MUN
1920,RCH
1920,RII
1921,AKR
1921,BUF
1921,CAN
1921,CHI
1921,CIN
1921,CLE
1921,COL
1921,CRD
1921,DAY
1921,DET
1921,EVN
1921,GNB
1921,HAM
1921,LOU
1921,MIN
1921,MUN
1921,NYG
1921,RCH
1921,RII
1921,TON
1921,WAS
1922,AKR
1922,BUF
1922,CAN
1922,CHI
1922,COL
1922,CRD
1922,DAY
1922,EVN
1922,GNB
1922,HAM
1922,LOU
1922,MIL
1922,MIN
1922,OOR
1922,RAC
1922,RCH
1922,RII
1922,TOL
1923,AKR
1923,BUF
1923,CAN
1923,CHI
1923,CLI
1923,COL
1923,CRD
1923,DAY
1923,DUL
1923,GNB
1923,HAM
1923,LOU
1923,MIL
1923,MIN
1923,OOR
1923,RAC
1923,RCH
1923,RII
1923,STL
1923,TOL
1924,AKR
1924,BUF
1924,CHI
1924,CLE
1924,COL
1924,CRD
1924,DAY
1924,DUL
1924,FRN
1924,GNB
1924,HAM
1924,KAN
1924,KEN
1924,MIL
1924,MIN
1924,RAC
1924,RCH
1924,RII
1925,AKR
1925,BUF
1925,CAN
1925,CHI
1925,CLE
1925,COL
1925,CRD
1925,DAY
1925,DET
1925,DUL
1925,FRN
1925,GNB
1925,HAM
1925,KAN
1925,MIL
1925,NYG
1925,POT
1925,PRV
1925,RCH
1925,RII
1926,AKR
1926,BRL
1926,BUF
1926,CAN
1926,CHI
1926,COL
1926,CRD
1926,DAY
1926,DET
1926,DUL
1926,FRN
1926,GNB
1926,HAM
1926,HRT
1926,KAN
1926,LAB
1926,LOU
1926,MIL
1926,NYG
1926,POT
1926,PRV
1926,RAC
1927,BUF
1927,CHI
1927,CLE
1927,CRD
1927,DAY
1927,DUL
1927,FRN
1927,GNB
1927,NYG
1927,NYY
1927,POT
1927,PRV
1928,CHI
1928,CRD
1928,DAY
1928,DET
1928,FRN
1928,GNB
1928,NYG
1928,NYY
1928,POT
1928,PRV
1929,BOS
1929,BUF
1929,CHI
1929,CRD
1929,DAY
1929,FRN
1929,GNB
1929,MIN
1929,NYG
1929,PRV
1929,SIS
1929,TOR
1930,BKN
1930,CHI
1930,CRD
1930,FRN
1930,GNB
1930,MIN
1930,NYG
1930,PRT
1930,PRV
1930,SIS
1930,TOR
1931,BKN
1931,CHI
1931,CLE
1931,CRD
1931,FRN
1931,GNB
1931,NYG
1931,PRT
1931,PRV
1931,SIS
1932,BKN
1932,BOS
1932,CHI
1932,CRD
1932,GNB
1932,NYG
1932,PRT
1932,SIS
1933,BKN
1933,BOS
1933,CHI
1933,CIN
1933,CRD
1933,GNB
1933,NYG
1933,PHI
1933,PIT
1933,PRT
1934,BKN
1934,BOS
1934,CHI
1934,CIN
1934,CRD
1934,DET
1934,GNB
1934,NYG
1934,PHI
1934,PIT
1934,STL
1935,BKN
1935,BOS
1935,CHI
1935,CRD
1935,DET
1935,GNB
1935,NYG
1935,PHI
1935,PIT
1936,BKN
1936,BOS
1936,CHI
1936,CRD
1936,DET
1936,GNB
1936,NYG
1936,PHI
1936,PIT
1937,BKN
1937,CHI
1937,CRD
1937,DET
1937,GNB
1937,NYG
1937,PHI
1937,PIT
1937,RAM
1937,WAS
1938,BKN
1938,CHI
1938,CRD
1938,DET
1938,GNB
1938,NYG
1938,PHI
1938,PIT
1938,RAM
1938,WAS
1939,BKN
1939,CHI
1939,CRD
1939,DET
1939,GNB
1939,NYG
1939,PHI
1939,PIT
1939,RAM
1939,WAS
1940,BKN
1940,CHI
1940,CRD
1940,DET
1940,GNB
1940,NYG
1940,PHI
1940,PIT
1940,RAM
1940,WAS
1941,BKN
1941,CHI
1941,CRD
1941,DET
1941,GNB
1941,NYG
1941,PHI
1941,PIT
1941,RAM
1941,WAS
1942,BKN
1942,CHI
1942,CRD
1942,DET
1942,GNB
1942,NYG
1942,PHI
1942,PIT
1942,RAM
1942,WAS
1943,BKN
1943,CHI
1943,CRD
1943,DET
1943,GNB
1943,NYG
1943,PHI
1943,WAS
1944,BKN
1944,BOS
1944,CHI
1944,CRD
1944,DET
1944,GNB
1944,NYG
1944,PHI
1944,RAM
1944,WAS
1945,BOS
1945,CHI
1945,CRD
1945,DET
1945,GNB
1945,NYG
1945,PHI
1945,PIT
1945,RAM
1945,WAS
1946,BDA
1946,BOS
1946,BUF
1946,CHI
1946,CHR
1946,CLE
1946,CRD
1946,DET
1946,GNB
1946,LAD
1946,MIA
1946,NYG
1946,NYY
1946,PHI
1946,PIT
1946,RAM
1946,SFO
1946,WAS
1947,BCL
1947,BDA
1947,BOS
1947,BUF
1947,CHI
1947,CHR
1947,CLE
1947,CRD
1947,DET
1947,GNB
1947,LAD
1947,NYG
1947,NYY
1947,PHI
1947,PIT
1947,RAM
1947,SFO
1947,WAS
1948,BCL
1948,BDA
1948,BOS
1948,BUF
1948,CHI
1948,CHR
1948,CLE
1948,CRD
1948,DET
1948,GNB
1948,LAD
1948,NYG
1948,NYY
1948,PHI
1948,PIT
1948,RAM
1948,SFO
1948,WAS
1949,BCL
1949,BUF
1949,CHH
1949,CHI
1949,CLE
1949,CRD
1949,DET
1949,GNB
1949,LAD
1949,NYB
1949,NYG
1949,NYY
1949,PHI
1949,PIT
1949,RAM
1949,SFO
1949,WAS
1950,BCL
1950,CHI
1950,CLE
1950,CRD
1950,DET
1950,GNB
1950,NYG
1950,NYY
1950,PHI
1950,PIT
1950,RAM
1950,SFO
1950,WAS
1951,CHI
1951,CLE
1951,CRD
1951,DET
1951,GNB
1951,NYG
1951,NYY
1951,PHI
1951,PIT
1951,RAM
1951,SFO
1951,WAS
1952,CHI
1952,CLE
1952,CRD
1952,DET
1952,DTX
1952,GNB
1952,NYG
1952,PHI
1952,PIT
1952,RAM
1952,SFO
1952,WAS
1953,BAL
1953,CHI
1953,CLE
1953,CRD
1953,DET
1953,GNB
1953,NYG
1953,PHI
1953,PIT
1953,RAM
1953,SFO
1953,WAS
1954,BAL
1954,CHI
1954,CLE
1954,CRD
1954,DET
1954,GNB
1954,NYG
1954,PHI
1954,PIT
1954,RAM
1954,SFO
1954,WAS
1955,BAL
1955,CHI
1955,CLE
1955,CRD
1955,DET
1955,GNB
1955,NYG
1955,PHI
1955,PIT
1955,RAM
1955,SFO
1955,WAS
1956,BAL
1956,CHI
1956,CLE
1956,CRD
1956,DET
1956,GNB
1956,NYG
1956,PHI
1956,PIT
1956,RAM
1956,SFO
1956,WAS
1957,BAL
1957,CHI
1957,CLE
1957,CRD
1957,DET
1957,GNB
1957,NYG
1957,PHI
1957,PIT
1957,RAM
1957,SFO
1957,WAS
1958,BAL
1958,CHI
1958,CLE
1958,CRD
1958,DET
1958,GNB
1958,NYG
1958,PHI
1958,PIT
1958,RAM
1958,SFO
1958,WAS
1959,BAL
1959,CHI
1959,CLE
1959,CRD
1959,DET
1959,GNB
1959,NYG
1959,PHI
1959,PIT
1959,RAM
1959,SFO
1959,WAS
1960,BAL
1960,BOS
1960,BUF
1960,CHI
1960,CLE
1960,DAL
1960,DEN
1960,DET
1960,DTX
1960,GNB
1960,HOU
1960,LAC
1960,NYG
1960,NYT
1960,OAK
1960,PHI
1960,PIT
1960,RAM
1960,SFO
1960,STL
1960,WAS
1961,BAL
1961,BOS
1961,BUF
1961,CHI
1961,CLE
1961,DAL
1961,DEN
1961,DET
1961,DTX
1961,GNB
1961,HOU
1961,MIN
1961,NYG
1961,NYT
1961,OAK
1961,PHI
1961,PIT
1961,RAM
1961,SDG
1961,SFO
1961,STL
1961,WAS
1962,BAL
1962,BOS
1962,BUF
1962,CHI
1962,CLE
1962,DAL
1962,DEN
1962,DET
1962,DTX
1962,GNB
1962,HOU
1962,MIN
1962,NYG
1962,NYT
1962,OAK
1962,PHI
1962,PIT
1962,RAM
1962,SDG
1962,SFO
1962,STL
1962,WAS
1963,BAL
1963,BOS
1963,BUF
1963,CHI
1963,CLE
1963,DAL
1963,DEN
1963,DET
1963,GNB
1963,HOU
1963,KAN
1963,MIN
1963,NYG
1963,NYJ
1963,OAK
1963,PHI
1963,PIT
1963,RAM
1963,SDG
1963,SFO
1963,STL
1963,WAS
1964,BAL
1964,BOS
1964,BUF
1964,CHI
1964,CLE
1964,DAL
1964,DEN
1964,DET
1964,GNB
1964,HOU
1964,KAN
1964,MIN
1964,NYG
1964,NYJ
1964,OAK
1964,PHI
1964,PIT
1964,RAM
1964,SDG
1964,SFO
1964,STL
1964,WAS
1965,BAL
1965,BOS
1965,BUF
1965,CHI
1965,CLE
1965,DAL
1965,DEN
1965,DET
1965,GNB
1965,HOU
1965,KAN
1965,MIN
1965,NYG
1965,NYJ
1965,OAK
1965,PHI
1965,PIT
1965,RAM
1965,SDG
1965,SFO
1965,STL
1965,WAS
1966,ATL
1966,BAL
1966,BOS
1966,BUF
1966,CHI
1966,CLE
1966,DAL
1966,DEN
1966,DET
1966,GNB
1966,HOU
1966,KAN
1966,MIA
1966,MIN
1966,NYG
1966,NYJ
1966,OAK
1966,PHI
1966,PIT
1966,RAM
1966,SDG
1966,SFO
1966,STL
1966,WAS
1967,ATL
1967,BAL
1967,BOS
1967,BUF
1967,CHI
1967,CLE
1967,DAL
1967,DEN
1967,DET
1967,GNB
1967,HOU
1967,KAN
1967,MIA
1967,MIN
1967,NOR
1967,NYG
1967,NYJ
1967,OAK
1967,PHI
1967,PIT
1967,RAM
1967,SDG
1967,SFO
1967,STL
1967,WAS
1968,ATL
1968,BAL
1968,BOS
1968,BUF
1968,CHI
1968,CIN
1968,CLE
1968,DAL
1968,DEN
1968,DET
1968,GNB
1968,HOU
1968,KAN
1968,MIA
1968,MIN
1968,NOR
1968,NYG
1968,NYJ
1968,OAK
1968,PHI
1968,PIT
1968,RAM
1968,SDG
1968,SFO
1968,STL
1968,WAS
1969,ATL
1969,BAL
1969,BOS
1969,BUF
1969,CHI
1969,CIN
1969,CLE
1969,DAL
1969,DEN
1969,DET
1969,GNB
1969,HOU
1969,KAN
1969,MIA
1969,MIN
1969,NOR
1969,NYG
1969,NYJ
1969,OAK
1969,PHI
1969,PIT
1969,RAM
1969,SDG
1969,SFO
1969,STL
1969,WAS
1970,ATL
1970,BAL
1970,BOS
1970,BUF
1970,CHI
1970,CIN
1970,CLE
1970,DAL
1970,DEN
1970,DET
1970,GNB
1970,HOU
1970,KAN
1970,MIA
1970,MIN
1970,NOR
1970,NYG
1970,NYJ
1970,OAK
1970,PHI
1970,PIT
1970,RAM
1970,SDG
1970,SFO
1970,STL
1970,WAS
1971,ATL
1971,BAL
1971,BUF
1971,CHI
1971,CIN
1971,CLE
1971,DAL
1971,DEN
1971,DET
1971,GNB
1971,HOU
1971,KAN
1971,MIA
1971,MIN
1971,NOR
1971,NWE
1971,NYG
1971,NYJ
1971,OAK
1971,PHI
1971,PIT
1971,RAM
1971,SDG
1971,SFO
1971,STL
1971,WAS
1972,ATL
1972,BAL
1972,BUF
1972,CHI
1972,CIN
1972,CLE
1972,DAL
1972,DEN
1972,DET
1972,GNB
1972,HOU
1972,KAN
1972,MIA
1972,MIN
1972,NOR
1972,NWE
1972,NYG
1972,NYJ
1972,OAK
1972,PHI
1972,PIT
1972,RAM
1972,SDG
1972,SFO
1972,STL
1972,WAS
1973,ATL
1973,BAL
1973,BUF
1973,CHI
1973,CIN
1973,CLE
1973,DAL
1973,DEN
1973,DET
1973,GNB
1973,HOU
1973,KAN
1973,MIA
1973,MIN
1973,NOR
1973,NWE
1973,NYG
1973,NYJ
1973,OAK
1973,PHI
1973,PIT
1973,RAM
1973,SDG
1973,SFO
1973,STL
1973,WAS
1974,ATL
1974,BAL
1974,BUF
1974,CHI
1974,CIN
1974,CLE
1974,DAL
1974,DEN
1974,DET
1974,GNB
1974,HOU
1974,KAN
1974,MIA
1974,MIN
1974,NOR
1974,NWE
1974,NYG
1974,NYJ
1974,OAK
1974,PHI
1974,PIT
1974,RAM
1974,SDG
1974,SFO
1974,STL
1974,WAS
1975,ATL
1975,BAL
1975,BUF
1975,CHI
1975,CIN
1975,CLE
1975,DAL
1975,DEN
1975,DET
1975,GNB
1975,HOU
1975,KAN
1975,MIA
1975,MIN
1975,NOR
1975,NWE
1975,NYG
1975,NYJ
1975,OAK
1975,PHI
1975,PIT
1975,RAM
1975,SDG
1975,SFO
1975,STL
1975,WAS
1976,ATL
1976,BAL
1976,BUF
1976,CHI
1976,CIN
1976,CLE
1976,DAL
1976,DEN
1976,DET
1976,GNB
1976,HOU
1976,KAN
1976,MIA
1976,MIN
1976,NOR
1976,NWE
1976,NYG
1976,NYJ
1976,OAK
1976,PHI
1976,PIT
1976,RAM
1976,SDG
1976,SEA
1976,SFO
1976,STL
1976,TAM
1976,WAS
1977,ATL
1977,BAL
1977,BUF
1977,CHI
1977,CIN
1977,CLE
1977,DAL
1977,DEN
1977,DET
1977,GNB
1977,HOU
1977,KAN
1977,MIA
1977,MIN
1977,NOR
1977,NWE
1977,NYG
1977,NYJ
1977,OAK
1977,PHI
1977,PIT
1977,RAM
1977,SDG
1977,SEA
1977,SFO
1977,STL
1977,TAM
1977,WAS
1978,ATL
1978,BAL
1978,BUF
1978,CHI
1978,CIN
1978,CLE
1978,DAL
1978,DEN
1978,DET
1978,GNB
1978,HOU
1978,KAN
1978,MIA
1978,MIN
1978,NOR
1978,NWE
1978,NYG
1978,NYJ
1978,OAK
1978,PHI
1978,PIT
1978,RAM
1978,SDG
1978,SEA
1978,SFO
1978,STL
1978,TAM
1978,WAS
1979,ATL
1979,BAL
1979,BUF
1979,CHI
1979,CIN
1979,CLE
1979,DAL
1979,DEN
1979,DET
1979,GNB
1979,HOU
1979,KAN
1979,MIA
1979,MIN
1979,NOR
1979,NWE
1979,NYG
1979,NYJ
1979,OAK
1979,PHI
1979,PIT
1979,RAM
1979,SDG
1979,SEA
1979,SFO
1979,STL
1979,TAM
1979,WAS
1980,ATL
1980,BAL
1980,BUF
1980,CHI
1980,CIN
1980,CLE
1980,DAL
1980,DEN
1980,DET
1980,GNB
1980,HOU
1980,KAN
1980,MIA
1980,MIN
1980,NOR
1980,NWE
1980,NYG
1980,NYJ
1980,OAK
1980,PHI
1980,PIT
1980,RAM
1980,SDG
1980,SEA
1980,SFO
1980,STL
1980,TAM
1980,WAS
1981,ATL
1981,BAL
1981,BUF
1981,CHI
1981,CIN
1981,CLE
1981,DAL
1981,DEN
1981,DET
1981,GNB
1981,HOU
1981,KAN
1981,MIA
1981,MIN
1981,NOR
1981,NWE
1981,NYG
1981,NYJ
1981,OAK
1981,PHI
1981,PIT
1981,RAM
1981,SDG
1981,SEA
1981,SFO
1981,STL
1981,TAM
1981,WAS
1982,ATL
1982,BAL
1982,BUF
1982,CHI
1982,CIN
1982,CLE
1982,DAL
1982,DEN
1982,DET
1982,GNB
1982,HOU
1982,KAN
1982,MIA
1982,MIN
1982,NOR
1982,NWE
1982,NYG
1982,NYJ
1982,PHI
1982,PIT
1982,RAI
1982,RAM
1982,SDG
1982,SEA
1982,SFO
1982,STL
1982,TAM
1982,WAS
1983,ATL
1983,BAL
1983,BUF
1983,CHI
1983,CIN
1983,CLE
1983,DAL
1983,DEN
1983,DET
1983,GNB
1983,HOU
1983,KAN
1983,MIA
1983,MIN
1983,NOR
1983,NWE
1983,NYG
1983,NYJ
1983,PHI
1983,PIT
1983,RAI
1983,RAM
1983,SDG
1983,SEA
1983,SFO
1983,STL
1983,TAM
1983,WAS
1984,ATL
1984,BUF
1984,CHI
1984,CIN
1984,CLE
1984,DAL
1984,DEN
1984,DET
1984,GNB
1984,HOU
1984,IND
1984,KAN
1984,MIA
1984,MIN
1984,NOR
1984,NWE
1984,NYG
1984,NYJ
1984,PHI
1984,PIT
1984,RAI
1984,RAM
1984,SDG
1984,SEA
1984,SFO
1984,STL
1984,TAM
1984,WAS
1985,ATL
1985,BUF
1985,CHI
1985,CIN
1985,CLE
1985,DAL
1985,DEN
1985,DET
1985,GNB
1985,HOU
1985,IND
1985,KAN
1985,MIA
1985,MIN
1985,NOR
1985,NWE
1985,NYG
1985,NYJ
1985,PHI
1985,PIT
1985,RAI
1985,RAM
1985,SDG
1985,SEA
1985,SFO
1985,STL
1985,TAM
1985,WAS
1986,ATL
1986,BUF
1986,CHI
1986,CIN
1986,CLE
1986,DAL
1986,DEN
1986,DET
1986,GNB
1986,HOU
1986,IND
1986,KAN
1986,MIA
1986,MIN
1986,NOR
1986,NWE
1986,NYG
1986,NYJ
1986,PHI
1986,PIT
1986,RAI
1986,RAM
1986,SDG
1986,SEA
1986,SFO
1986,STL
1986,TAM
1986,WAS
1987,ATL
1987,BUF
1987,CHI
1987,CIN
1987,CLE
1987,DAL
1987,DEN
1987,DET
1987,GNB
1987,HOU
1987,IND
1987,KAN
1987,MIA
1987,MIN
1987,NOR
1987,NWE
1987,NYG
1987,NYJ
1987,PHI
1987,PIT
1987,RAI
1987,RAM
1987,SDG
1987,SEA
1987,SFO
1987,STL
1987,TAM
1987,WAS
1988,ATL
1988,BUF
1988,CHI
1988,CIN
1988,CLE
1988,DAL
1988,DEN
1988,DET
1988,GNB
1988,HOU
1988,IND
1988,KAN
1988,MIA
1988,MIN
1988,NOR
1988,NWE
1988,NYG
1988,NYJ
1988,PHI
1988,PHO
1988,PIT
1988,RAI
1988,RAM
1988,SDG
1988,SEA
1988,SFO
1988,TAM
1988,WAS
1989,ATL
1989,BUF
1989,CHI
1989,CIN
1989,CLE
1989,DAL
1989,DEN
1989,DET
1989,GNB
1989,HOU
1989,IND
1989,KAN
1989,MIA
1989,MIN
1989,NOR
1989,NWE
1989,NYG
1989,NYJ
1989,PHI
1989,PHO
1989,PIT
1989,RAI
1989,RAM
1989,SDG
1989,SEA
1989,SFO
1989,TAM
1989,WAS
1990,ATL
1990,BUF
1990,CHI
1990,CIN
1990,CLE
1990,DAL
1990,DEN
1990,DET
1990,GNB
1990,HOU
1990,IND
1990,KAN
1990,MIA
1990,MIN
1990,NOR
1990,NWE
1990,NYG
1990,NYJ
1990,PHI
1990,PHO
1990,PIT
1990,RAI
1990,RAM
1990,SDG
1990,SEA
1990,SFO
1990,TAM
1990,WAS
1991,ATL
1991,BUF
1991,CHI
1991,CIN
1991,CLE
1991,DAL
1991,DEN
1991,DET
1991,GNB
1991,HOU
1991,IND
1991,KAN
1991,MIA
1991,MIN
1991,NOR
1991,NWE
1991,NYG
1991,NYJ
1991,PHI
1991,PHO
1991,PIT
1991,RAI
1991,RAM
1991,SDG
1991,SEA
1991,SFO
1991,TAM
1991,WAS
1992,ATL
1992,BUF
1992,CHI
1992,CIN
1992,CLE
1992,DAL
1992,DEN
1992,DET
1992,GNB
1992,HOU
1992,IND
1992,KAN
1992,MIA
1992,MIN
1992,NOR
1992,NWE
1992,NYG
1992,NYJ
1992,PHI
1992,PHO
1992,PIT
1992,RAI
1992,RAM
1992,SDG
1992,SEA
1992,SFO
1992,TAM
1992,WAS
1993,ATL
1993,BUF
1993,CHI
1993,CIN
1993,CLE
1993,DAL
1993,DEN
1993,DET
1993,GNB
1993,HOU
1993,IND
1993,KAN
1993,MIA
1993,MIN
1993,NOR
1993,NWE
1993,NYG
1993,NYJ
1993,PHI
1993,PHO
1993,PIT
1993,RAI
1993,RAM
1993,SDG
1993,SEA
1993,SFO
1993,TAM
1993,WAS
1994,ARI
1994,ATL
1994,BUF
1994,CHI
1994,CIN
1994,CLE
1994,DAL
1994,DEN
1994,DET
1994,GNB
1994,HOU
1994,IND
1994,KAN
1994,MIA
1994,MIN
1994,NOR
1994,NWE
1994,NYG
1994,NYJ
1994,PHI
1994,PIT
1994,RAI
1994,RAM
1994,SDG
1994,SEA
1994,SFO
1994,TAM
1994,WAS
1995,ARI
1995,ATL
1995,BUF
1995,CAR
1995,CHI
1995,CIN
1995,CLE
1995,DAL
1995,DEN
1995,DET
1995,GNB
1995,HOU
1995,IND
1995,JAX
1995,KAN
1995,MIA
1995,MIN
1995,NOR
1995,NWE
1995,NYG
1995,NYJ
1995,OAK
1995,PHI
1995,PIT
1995,SDG
1995,SEA
1995,SFO
1995,STL
1995,TAM
1995,WAS
1996,ARI
1996,ATL
1996,BAL
1996,BUF
1996,CAR
1996,CHI
1996,CIN
1996,DAL
1996,DEN
1996,DET
1996,GNB
1996,HOU
1996,IND
1996,JAX
1996,KAN
1996,MIA
1996,MIN
1996,NOR
1996,NWE
1996,NYG
1996,NYJ
1996,OAK
1996,PHI
1996,PIT
1996,SDG
1996,SEA
1996,SFO
1996,STL
1996,TAM
1996,WAS
1997,ARI
1997,ATL
1997,BAL
1997,BUF
1997,CAR
1997,CHI
1997,CIN
1997,DAL
1997,DEN
1997,DET
1997,GNB
1997,IND
1997,JAX
1997,KAN
1997,MIA
1997,MIN
1997,NOR
1997,NWE
1997,NYG
1997,NYJ
1997,OAK
1997,PHI
1997,PIT
1997,SDG
1997,SEA
1997,SFO
1997,STL
1997,TAM
1997,TEN
1997,WAS
1998,ARI
1998,ATL
1998,BAL
1998,BUF
1998,CAR
1998,CHI
1998,CIN
1998,DAL
1998,DEN
1998,DET
1998,GNB
1998,IND
1998,JAX
1998,KAN
1998,MIA
1998,MIN
1998,NOR
1998,NWE
1998,NYG
1998,NYJ
1998,OAK
1998,PHI
1998,PIT
1998,SDG
1998,SEA
1998,SFO
1998,STL
1998,TAM
1998,TEN
1998,WAS
1999,ARI
1999,ATL
1999,BAL
1999,BUF
1999,CAR
1999,CHI
1999,CIN
1999,CLE
1999,DAL
1999,DEN
1999,DET
1999,GNB
1999,IND
1999,JAX
1999,KAN
1999,MIA
1999,MIN
1999,NOR
1999,NWE
1999,NYG
1999,NYJ
1999,OAK
1999,PHI
1999,PIT
1999,SDG
1999,SEA
1999,SFO
1999,STL
1999,TAM
1999,TEN
1999,WAS
2000,ARI
2000,ATL
2000,BAL
2000,BUF
2000,CAR
2000,CHI
2000,CIN
2000,CLE
2000,DAL
2000,DEN
2000,DET
2000,GNB
2000,IND
2000,JAX
2000,KAN
2000,MIA
2000,MIN
2000,NOR
2000,NWE
2000,NYG
2000,NYJ
2000,OAK
2000,PHI
2000,PIT
2000,SDG
2000,SEA
2000,SFO
2000,STL
2000,TAM
2000,TEN
2000,WAS
2001,ARI
2001,ATL
2001,BAL
2001,BUF
2001,CAR
2001,CHI
2001,CIN
2001,CLE
2001,DAL
2001,DEN
2001,DET
2001,GNB
2001,IND
2001,JAX
2001,KAN
2001,MIA
2001,MIN
2001,NOR
2001,NWE
2001,NYG
2001,NYJ
2001,OAK
2001,PHI
2001,PIT
2001,SDG
2001,SEA
2001,SFO
2001,STL
2001,TAM
2001,TEN
2001,WAS
2002,ARI
2002,ATL
2002,BAL
2002,BUF
2002,CAR
2002,CHI
2002,CIN
2002,CLE
2002,DAL
2002,DEN
2002,DET
2002,GNB
2002,HOU
2002,IND
2002,JAX
2002,KAN
2002,MIA
2002,MIN
2002,NOR
2002,NWE
2002,NYG
2002,NYJ
2002,OAK
2002,PHI
2002,PIT
2002,SDG
2002,SEA
2002,SFO
2002,STL
2002,TAM
2002,TEN
2002,WAS
2003,ARI
2003,ATL
2003,BAL
2003,BUF
2003,CAR
2003,CHI
2003,CIN
2003,CLE
2003,DAL
2003,DEN
2003,DET
2003,GNB
2003,HOU
2003,IND
2003,JAX
2003,KAN
2003,MIA
2003,MIN
2003,NOR
2003,NWE
2003,NYG
2003,NYJ
2003,OAK
2003,PHI
2003,PIT
2003,SDG
2003,SEA
2003,SFO
2003,STL
2003,TAM
2003,TEN
2003,WAS
2004,ARI
2004,ATL
2004,BAL
2004,BUF
2004,CAR
2004,CHI
2004,CIN
2004,CLE
2004,DAL
2004,DEN
2004,DET
2004,GNB
2004,HOU
2004,IND
2004,JAX
2004,KAN
2004,MIA
2004,MIN
2004,NOR
2004,NWE
2004,NYG
2004,NYJ
2004,OAK
2004,PHI
2004,PIT
2004,SDG
2004,SEA
2004,SFO
2004,STL
2004,TAM
2004,TEN
2004,WAS
2005,ARI
2005,ATL
2005,BAL
2005,BUF
2005,CAR
2005,CHI
2005,CIN
2005,CLE
2005,DAL
2005,DEN
2005,DET
2005,GNB
2005,HOU
2005,IND
2005,JAX
2005,KAN
2005,MIA
2005,MIN
2005,NOR
2005,NWE
2005,NYG
2005,NYJ
2005,OAK
2005,PHI
2005,PIT
2005,SDG
2005,SEA
2005,SFO
2005,STL
2005,TAM
2005,TEN
2005,WAS
2006,ARI
2006,ATL
2006,BAL
2006,BUF
2006,CAR
2006,CHI
2006,CIN
2006,CLE
2006,DAL
2006,DEN
2006,DET
2006,GNB
2006,HOU
2006,IND
2006,JAX
2006,KAN
2006,MIA
2006,MIN
2006,NOR
2006,NWE
2006,NYG
2006,NYJ
2006,OAK
2006,PHI
2006,PIT
2006,SDG
2006,SEA
2006,SFO
2006,STL
2006,TAM
2006,TEN
2006,WAS
2007,ARI
2007,ATL
2007,BAL
2007,BUF
2007,CAR
2007,CHI
2007,CIN
2007,CLE
2007,DAL
2007,DEN
2007,DET
2007,GNB
2007,HOU
2007,IND
2007,JAX
2007,KAN
2007,MIA
2007,MIN
2007,NOR
2007,NWE
2007,NYG
2007,NYJ
2007,OAK
2007,PHI
2007,PIT
2007,SDG
2007,SEA
2007,SFO
2007,STL
2007,TAM
2007,TEN
2007,WAS
2008,ARI
2008,ATL
2008,BAL
2008,BUF
2008,CAR
2008,CHI
2008,CIN
2008,CLE
2008,DAL
2008,DEN
2008,DET
2008,GNB
2008,HOU
2008,IND
2008,JAX
2008,KAN
2008,MIA
2008,MIN
2008,NOR
2008,NWE
2008,NYG
2008,NYJ
2008,OAK
2008,PHI
2008,PIT
2008,SDG
2008,SEA
2008,SFO
2008,STL
2008,TAM
2008,TEN
2008,WAS
2009,ARI
2009,ATL
2009,BAL
2009,BUF
2009,CAR
2009,CHI
2009,CIN
2009,CLE
2009,DAL
2009,DEN
2009,DET
2009,GNB
2009,HOU
2009,IND
2009,JAX
2009,KAN
2009,MIA
2009,MIN
2009,NOR
2009,NWE
2009,NYG
2009,NYJ
2009,OAK
2009,PHI
2009,PIT
2009,SDG
2009,SEA
2009,SFO
2009,STL
2009,TAM
2009,TEN
2009,WAS
2010,ARI
2010,ATL
2010,BAL
2010,BUF
2010,CAR
2010,CHI
2010,CIN
2010,CLE
2010,DAL
2010,DEN
2010,DET
2010,GNB
2010,HOU
2010,IND
2010,JAX
2010,KAN
2010,MIA
2010,MIN
2010,NOR
2010,NWE
2010,NYG
2010,NYJ
2010,OAK
2010,PHI
2010,PIT
2010,SDG
2010,SEA
2010,SFO
2010,STL
2010,TAM
2010,TEN
2010,WAS
2011,ARI
2011,ATL
2011,BAL
2011,BUF
2011,CAR
2011,CHI
2011,CIN
2011,CLE
2011,DAL
2011,DEN
2011,DET
2011,GNB
2011,HOU
2011,IND
2011,JAX
2011,KAN
2011,MIA
2011,MIN
2011,NOR
2011,NWE
2011,NYG
2011,NYJ
2011,OAK
2011,PHI
2011,PIT
2011,SDG
2011,SEA
2011,SFO
2011,STL
2011,TAM
2011,TEN
2011,WAS
2012,ARI
2012,ATL
2012,BAL
2012,BUF
2012,CAR
2012,CHI
2012,CIN
2012,CLE
2012,DAL
2012,DEN
2012,DET
2012,GNB
2012,HOU
2012,IND
2012,JAX
2012,KAN
2012,MIA
2012,MIN
2012,NOR
2012,NWE
2012,NYG
2012,NYJ
2012,OAK
2012,PHI
2012,PIT
2012,SDG
2012,SEA
2012,SFO
2012,STL
2012,TAM
2012,TEN
2012,WAS
2013,ARI
2013,ATL
2013,BAL
2013,BUF
2013,CAR
2013,CHI
2013,CIN
2013,CLE
2013,DAL
2013,DEN
2013,DET
2013,GNB
2013,HOU
2013,IND
2013,JAX
2013,KAN
2013,MIA
2013,MIN
2013,NOR
2013,NWE
2013,NYG
2013,NYJ
2013,OAK
2013,PHI
2013,PIT
2013,SDG
2013,SEA
2013,SFO
2013,STL
2013,TAM
2013,TEN
2013,WAS
2014,ARI
2014,ATL
2014,BAL
2014,BUF
2014,CAR
2014,CHI
2014,CIN
2014,CLE
2014,DAL
2014,DEN
2014,DET
2014,GNB
2014,HOU
2014,IND
2014,JAX
2014,KAN
2014,MIA
2014,MIN
2014,NOR
2014,NWE
2014,NYG
2014,NYJ
2014,OAK
2014,PHI
2014,PIT
2014,SDG
2014,SEA
2014,SFO
2014,STL
2014,TAM
2014,TEN
2014,WAS
2015,ARI
2015,ATL
2015,BAL
2015,BUF
2015,CAR
2015,CHI
2015,CIN
2015,CLE
2015,DAL
2015,DEN
2015,DET
2015,GNB
2015,HOU
2015,IND
2015,JAX
2015,KAN
2015,MIA
2015,MIN
2015,NOR
2015,NWE
2015,NYG
2015,NYJ
2015,OAK
2015,PHI
2015,PIT
2015,SDG
2015,SEA
2015,SFO
2015,STL
2015,TAM
2015,TEN
2015,WAS
2016,ARI
2016,ATL
2016,BAL
2016,BUF
2016,CAR
2016,CHI
2016,CIN
2016,CLE
2016,DAL
2016,DEN
2016,DET
2016,GNB
2016,HOU
2016,IND
2016,JAX
2016,KAN
2016,LAR
2016,MIA
2016,MIN
2016,NOR
2016,NWE
2016,NYG
2016,NYJ
2016,OAK
2016,PHI
2016,PIT
2016,SDG
2016,SEA
2016,SFO
2016,TAM
2016,TEN
2016,WAS
2017,ARI
2017,ATL
2017,BAL
2017,BUF
2017,CAR
2017,CHI
2017,CIN
2017,CLE
2017,DAL
2017,DEN
2017,DET
2017,GNB
2017,HOU
2017,IND
2017,JAX
2017,KAN
2017,LAC
2017,LAR
2017,MIA
2017,MIN
2017,NOR
2017,NWE
2017,NYG
2017,NYJ
2017,OAK
2017,PHI
2017,PIT
2017,SEA
2017,SFO
2017,TAM
2017,TEN
2017,WAS
2018,ARI
2018,ATL
2018,BAL
2018,BUF
2018,CAR
2018,CHI
2018,CIN
2018,CLE
2018,DAL
2018,DEN
2018,DET
2018,GNB
2018,HOU
2018,IND
2018,JAX
2018,KAN
2018,LAC
2018,LAR
2018,MIA
2018,MIN
2018,NOR
2018,NWE
2018,NYG
2018,NYJ
2018,OAK
2018,PHI
2018,PIT
2018,SEA
2018,SFO
2018,TAM
2018,TEN
2018,WAS
2019,ARI
2019,ATL
2019,BAL
2019,BUF
2019,CAR
2019,CHI
2019,CIN
2019,CLE
2019,DAL
2019,DEN
2019,DET
2019,GNB
2019,HOU
2019,IND
2019,JAX
2019,KAN
2019,LAC
2019,LAR
2019,MIA
2019,MIN
2019,NOR
2019,NWE
2019,NYG
2019,NYJ
2019,OAK
2019,PHI
2019,PIT
2019,SEA
2019,SFO
2019,TAM
2019,TEN
2019,WAS
2020,ARI
2020,ATL
2020,BAL
2020,BUF
2020,CAR
2020,CHI
2020,CIN
2020,CLE
2020,DAL
2020,DEN
2020,DET
2020,GNB
2020,HOU
2020,IND
2020,JAX
2020,KAN
2020,LAC
2020,LAR
2020,LVR
2020,MIA
2020,MIN
2020,NOR
2020,NWE
2020,NYG
2020,NYJ
2020,PHI
2020,PIT
2020,SEA
2020,SFO
2020,TAM
2020,TEN
2020,WAS
2021,ARI
2021,ATL
2021,BAL
2021,BUF
2021,CAR
2021,CHI
2021,CIN
2021,CLE
2021,DAL
2021,DEN
2021,DET
2021,GNB
2021,HOU
2021,IND
2021,JAX
2021,KAN
2021,LAC
2021,LAR
2021,LVR
2021,MIA
2021,MIN
2021,NOR
2021,NWE
2021,NYG
2021,NYJ
2021,PHI
2021,PIT
2021,SEA
2021,SFO
2021,TAM
2021,TEN
2021,WAS
2022,ARI
2022,ATL
2022,BAL
2022,BUF
2022,CAR
2022,CHI
2022,CIN
2022,CLE
2022,DAL
2022,DEN
2022,DET
2022,GNB
2022,HOU
2022,IND
2022,JAX
2022,KAN
2022,LAC
2022,LAR
2022,LVR
2022,MIA
2022,MIN
2022,NOR
2022,NWE
2022,NYG
2022,NYJ
2022,PHI
2022,PIT
2022,SEA
2022,SFO
2022,TAM
2022,TEN
2022,WAS
2023,ARI
2023,ATL
2023,BAL
2023,BUF
2023,CAR
2023,CHI
2023,CIN
2023,CLE
2023,DAL
2023,DEN
2023,DET
2023,GNB
2023,HOU
2023,IND
2023,JAX
2023,KAN
2023,LAC
2023,LAR
2023,LVR
2023,MIA
2023,MIN
2023,NOR
2023,NWE
2023,NYG
2023,NYJ
2023,PHI
2023,PIT
2023,SEA
2023,SFO
2023,TAM
2023,TEN
2023,WAS
2024,ARI
2024,ATL
2024,BAL
2024,BUF
2024,CAR
2024,CHI
2024,CIN
2024,CLE
2024,DAL
2024,DEN
2024,DET
2024,GNB
2024,HOU
2024,IND
2024,JAX
2024,KAN
2024,LAC
2024,LAR
2024,LVR
2024,MIA
2024,MIN
2024,NOR
2024,NWE
2024,NYG
2024,NYJ
2024,PHI
2024,PIT
2024,SEA
2024,SFO
2024,TAM
2024,TEN
2024,WAS
2025,ARI
2025,ATL
2025,BAL
2025,BUF
2025,CAR
2025,CHI
2025,CIN
2025,CLE
2025,DAL
2025,DEN
2025,DET
2025,GNB
2025,HOU
2025,IND
2025,JAX
2025,KAN
2025,LAC
2025,LAR
2025,LVR
2025,MIA
2025,MIN
2025,NOR
2025,NWE
2025,NYG
2025,NYJ
2025,PHI
2025,PIT
2025,SEA
2025,SFO
2025,TAM
2025,TEN
2025,WAS
